Docket,Order_No,Despatch Date,Requesting Depot,Collect Depot,Consignor Name,ConsignorPostCode,Consignee Name,Consignee Address 1,Consignee Address 2,Consignee Address 3,Consignee Address 4,Consignee Postcode,Delivery Depot,Trunk,Service,Delivery Time,Half Pallets,Half Weight,Full Pallets,Full Weight,Half Oversize Pallets,Half Oversize Weight,Full Oversize Pallets,Full Oversize Weight,Remarks 1,Remarks 2,Delivery Date,Revenue,Insure Value,Manifest Date,Quarter Pallets,Quarter Weight,Customer Own Paperwork,Consignor Account,Consignee Contact,Consignee Tel,Day Time Freight,Insurance Charge,Insured Name,Insured Email,Entered By,OOG3 Pallets,OOG3 Weight,OOG4 Pallets,OOG4 Weight,Not Used 1,Not Used 2,Hazchem,Customer Reference,Not Used 4,Hazchem Weight,Consignor Email
,,6052022,51,51,,,Greg McRobert,Test,Test,Test,Test,B76 9EH,,,ND,,3,400,0,0,0,0,0,0,,,,,,6052022,0,0,,RINK01,,,,,,,,0,0,0,0,,,,TEST 1,,,
,,6052022,51,51,,,Stevie Orbell,Test,Test,Test,Test,SA71 4TA,,,EC,,10,400,0,0,0,0,0,0,,,,,,6052022,0,0,,RINK01,,,,,,,,0,0,0,0,,,,TEST 2,,,
,,6052022,51,51,,,Jordan Bulpitt,Test,Test,Test,Test,BN3 8PP,,,AM,,0,0,1,700,0,0,0,0,,,,,,6052022,0,0,,PIPE01,,,,,,,,0,0,0,0,,,,TEST 3,,,
,,6052022,51,51,,,Daniel Anderson,Test,Test,Test,Test,TF2 8BN,,,AMTL,,1,200,1,500,1,200,1,1000,,,,,,6052022,0,0,,PHEEB1,,,,,,,,0,0,0,0,,,,TEST 4,,,
,,6052022,51,51,,,Graham Laight,Test,Test,Test,Test,HP9 2QA,,,BKIN,,1,200,1,400,0,0,0,0,,,,,,6052022,0,0,,PHEEB1,test,0121 313 4000,,,,,,0,0,0,0,,,,TEST 5,,,
,,6052022,51,51,,,Barry White,Test,Test,Test,Test,S97 3FX,,,BKIT,,10,200,0,0,0,0,0,0,,,,,,6052022,0,0,,RINK01,test,0121 313 4000,,,,,,0,0,0,0,,,,TEST 6,,,
,,6052022,51,51,,,Kerry Woods,Test,Test,Test,Test,DA17 5AU,,,BKSL,14:00,0,0,0,0,0,0,0,0,, ,,,,6052022,10,50,,PIPE01,test,0121 313 4000,,,,,,0,0,0,0,,,,TEST 7,,,
,,6052022,51,51,,,Kevin Holland,Test,Test,Test,Test,LL43 2AJ,,,DDAM,,1,200,2,500,0,0,0,0,,,9032022,,,6052022,0,0,,PHEEB1,,,,,,,,0,0,0,0,,,,TEST 8,,,
,,6052022,51,51,,,Colby Covington,Test,Test,Test,Test,BS16 3TT,,,DDAT,,4,400,0,0,0,0,0,0,,,10032022,,,6052022,0,0,,APL001,,,,,,,,0,0,0,0,,,,TEST 9,,,
,,6052022,51,51,,,Greg McRobert,Test,Test,Test,Test,SP2 0JH,,,DDAY,,0,0,5,700,0,0,0,0,,,9032022,,,6052022,0,0,,RINK01,,,,,,,,0,0,0,0,,,,TEST 10,,,
,,6052022,51,51,,,Stevie Orbell,Test,Test,Test,Test,DA17 5DB,,,NDTL,,1,100,2,200,3,300,4,400,,,,,,6052022,0,0,,PIPE01,,,,,,,,0,0,0,0,,,,TEST 11,,,
,,6052022,51,51,,,Jordan Bulpitt,Test,Test,Test,Test,L17 7DX,,,XL,,0,0,0,0,0,0,0,0,,,,,,6052022,0,0,,PHEEB1,TEST,0121 313 4000,,,,,,1,1000,,,,,,TEST 12,,,
,,6052022,51,51,,,Daniel Anderson,Test,Test,Test,Test,B76 9EH,,,ND,,3,400,0,0,0,0,0,0,,,,,,6052022,0,0,,APL001,,,,,,,,,,,,,,,TEST 13,,,
,,6052022,51,51,,,Graham Laight,Test,Test,Test,Test,SA71 4TA,,,EC,,10,400,0,0,0,0,0,0,,,,,,6052022,0,0,,RINK01,,,,,,,,0,0,0,0,,,,TEST 14,,,
,,6052022,51,51,,,Barry White,Test,Test,Test,Test,BN3 8PP,,,AM,,0,0,1,700,0,0,0,0,,,,,,6052022,0,0,,PIPE01,,,,,,,,0,0,0,0,,,,TEST 15,,,
,,6052022,51,51,,,Kerry Woods,Test,Test,Test,Test,TF2 8BN,,,AMTL,,1,200,1,500,1,200,1,1000,,,,,,6052022,0,0,,PHEEB1,,,,,,,,0,0,0,0,,,,TEST 16,,,
,,6052022,51,51,,,Kevin Holland,Test,Test,Test,Test,HP9 2QA,,,BKIN,,1,200,1,400,0,0,0,0,,,,,,6052022,0,0,,ZCUTTLE,test,0121 313 4000,,,,,,0,0,0,0,,,,TEST 17,,,
,,6052022,51,51,,,Colby Covington,Test,Test,Test,Test,S97 3FX,,,BKIT,,10,200,0,0,0,0,0,0,,,,,,6052022,0,0,,KES001,test,0121 313 4000,,,,,,0,0,0,0,,,,TEST 18,,,
,,6052022,51,51,,,Greg McRobert,Test,Test,Test,Test,DA17 5AU,,,BKSL,14:00,0,0,0,0,0,0,0,0,, ,,,,6052022,10,50,,AXD001,test,0121 313 4000,,,,,,0,0,0,0,,,,TEST 19,,,
,,6052022,51,51,,,Stevie Orbell,Test,Test,Test,Test,LL43 2AJ,,,DDAM,,1,200,2,500,0,0,0,0,,,9032022,,,6052022,0,0,,APL001,,,,,,,,0,0,0,0,,,,TEST 20,,,
,,6052022,51,51,,,Jordan Bulpitt,Test,Test,Test,Test,BS16 3TT,,,DDAT,,4,400,0,0,0,0,0,0,,,10032022,,,6052022,0,0,,RINK01,,,,,,,,0,0,0,0,,,,TEST 21,,,
,,6052022,51,51,,,Daniel Anderson,Test,Test,Test,Test,SP2 0JH,,,DDAY,,0,0,5,700,0,0,0,0,,,9032022,,,6052022,0,0,,PIPE01,,,,,,,,0,0,0,0,,,,TEST 22,,,
,,6052022,51,51,,,Graham Laight,Test,Test,Test,Test,DA17 5DB,,,NDTL,,1,100,2,200,3,300,4,400,,,,,,6052022,0,0,,PHEEB1,,,,,,,,0,0,0,0,,,,TEST 23,,,
,,6052022,51,51,,,Barry White,Test,Test,Test,Test,B76 9EH,,,ND,,3,400,0,0,0,0,0,0,,,,,,6052022,0,0,,ZCUTTLE,,,,,,,,0,0,0,0,,,,TEST 24,,,
,,6052022,51,51,,,Kerry Woods,Test,Test,Test,Test,SA71 4TA,,,EC,,10,400,0,0,0,0,0,0,,,,,,6052022,0,0,,KES001,,,,,,,,0,0,0,0,,,,TEST 25,,,
,,6052022,51,51,,,Kevin Holland,Test,Test,Test,Test,BN3 8PP,,,AM,,0,0,1,700,0,0,0,0,,,,,,6052022,0,0,,AXD001,,,,,,,,0,0,0,0,,,,TEST 26,,,
,,6052022,51,51,,,Colby Covington,Test,Test,Test,Test,TF2 8BN,,,AMTL,,1,200,1,500,1,200,1,1000,,,,,,6052022,0,0,,APL001,,,,,,,,0,0,0,0,,,,TEST 27,,,
,,6052022,51,51,,,Greg McRobert,Test,Test,Test,Test,HP9 2QA,,,BKIN,,1,200,1,400,0,0,0,0,,,,,,6052022,0,0,,RINK01,test,0121 313 4000,,,,,,0,0,0,0,,,,TEST 28,,,
,,6052022,51,51,,,Stevie Orbell,Test,Test,Test,Test,S97 3FX,,,BKIT,,10,200,0,0,0,0,0,0,,,,,,6052022,0,0,,PIPE01,test,0121 313 4000,,,,,,0,0,0,0,,,,TEST 29,,,
,,6052022,51,51,,,Jordan Bulpitt,Test,Test,Test,Test,DA17 5AU,,,BKSL,14:00,0,0,0,0,0,0,0,0,, ,,,,6052022,10,50,,PHEEB1,test,0121 313 4000,,,,,,0,0,0,0,,,,TEST 30,,,
,,6052022,51,51,,,Daniel Anderson,Test,Test,Test,Test,LL43 2AJ,,,DDAM,,1,200,2,500,0,0,0,0,,,9032022,,,6052022,0,0,,ZCUTTLE,,,,,,,,0,0,0,0,,,,TEST 31,,,
,,6052022,51,51,,,Graham Laight,Test,Test,Test,Test,BS16 3TT,,,DDAT,,4,400,0,0,0,0,0,0,,,10032022,,,6052022,0,0,,KES001,,,,,,,,0,0,0,0,,,,TEST 32,,,
,,6052022,51,51,,,Barry White,Test,Test,Test,Test,SP2 0JH,,,DDAY,,0,0,5,700,0,0,0,0,,,9032022,,,6052022,0,0,,AXD001,,,,,,,,0,0,0,0,,,,TEST 33,,,
,,6052022,51,51,,,Kerry Woods,Test,Test,Test,Test,DA17 5DB,,,NDTL,,1,100,2,200,3,300,4,400,,,,,,6052022,0,0,,APL001,,,,,,,,0,0,0,0,,,,TEST 34,,,
,,6052022,51,51,,,Kevin Holland,Test,Test,Test,Test,B76 9EH,,,ND,,3,400,0,0,0,0,0,0,,,,,,6052022,0,0,,RINK01,,,,,,,,0,0,0,0,,,,TEST 35,,,
,,6052022,51,51,,,Colby Covington,Test,Test,Test,Test,SA71 4TA,,,EC,,10,400,0,0,0,0,0,0,,,,,,6052022,0,0,,PIPE01,,,,,,,,0,0,0,0,,,,TEST 36,,,
,,6052022,51,51,,,Greg McRobert,Test,Test,Test,Test,BN3 8PP,,,AM,,0,0,1,700,0,0,0,0,,,,,,6052022,0,0,,PHEEB1,,,,,,,,0,0,0,0,,,,TEST 37,,,
,,6052022,51,51,,,Stevie Orbell,Test,Test,Test,Test,TF2 8BN,,,AMTL,,1,200,1,500,1,200,1,1000,,,,,,6052022,0,0,,ZCUTTLE,,,,,,,,0,0,0,0,,,,TEST 38,,,
,,6052022,51,51,,,Jordan Bulpitt,Test,Test,Test,Test,HP9 2QA,,,BKIN,,1,200,1,400,0,0,0,0,,,,,,6052022,0,0,,KES001,test,0121 313 4000,,,,,,0,0,0,0,,,,TEST 39,,,
,,6052022,51,51,,,Daniel Anderson,Test,Test,Test,Test,S97 3FX,,,BKIT,,10,200,0,0,0,0,0,0,,,,,,6052022,0,0,,AXD001,test,0121 313 4000,,,,,,0,0,0,0,,,,TEST 40,,,
,,6052022,51,51,,,Graham Laight,Test,Test,Test,Test,DA17 5AU,,,BKSL,14:00,0,0,0,0,0,0,0,0,, ,,,,6052022,10,50,,APL001,test,0121 313 4000,,,,,,0,0,0,0,,,,TEST 41,,,
,,6052022,51,51,,,Barry White,Test,Test,Test,Test,LL43 2AJ,,,DDAM,,1,200,2,500,0,0,0,0,,,9032022,,,6052022,0,0,,RINK01,,,,,,,,0,0,0,0,,,,TEST 42,,,
,,6052022,51,51,,,Kerry Woods,Test,Test,Test,Test,BS16 3TT,,,DDAT,,4,400,0,0,0,0,0,0,,,10032022,,,6052022,0,0,,PIPE01,,,,,,,,0,0,0,0,,,,TEST 43,,,
,,6052022,51,51,,,Kevin Holland,Test,Test,Test,Test,SP2 0JH,,,DDAY,,0,0,5,700,0,0,0,0,,,9032022,,,6052022,0,0,,PHEEB1,,,,,,,,0,0,0,0,,,,TEST 44,,,
,,6052022,51,51,,,Colby Covington,Test,Test,Test,Test,DA17 5DB,,,NDTL,,1,100,2,200,3,300,4,400,,,,,,6052022,0,0,,ZCUTTLE,,,,,,,,0,0,0,0,,,,TEST 45,,,
,,6052022,51,51,,,Greg McRobert,Test,Test,Test,Test,B76 9EH,,,ND,,3,400,0,0,0,0,0,0,,,,,,6052022,0,0,,KES001,,,,,,,,0,0,0,0,,,,TEST 46,,,
,,6052022,51,51,,,Stevie Orbell,Test,Test,Test,Test,SA71 4TA,,,EC,,10,400,0,0,0,0,0,0,,,,,,6052022,0,0,,AXD001,,,,,,,,0,0,0,0,,,,TEST 47,,,
,,6052022,51,51,,,Jordan Bulpitt,Test,Test,Test,Test,BN3 8PP,,,AM,,0,0,1,700,0,0,0,0,,,,,,6052022,0,0,,APL001,,,,,,,,0,0,0,0,,,,TEST 48,,,
,,6052022,51,51,,,Daniel Anderson,Test,Test,Test,Test,TF2 8BN,,,AMTL,,1,200,1,500,1,200,1,1000,,,,,,6052022,0,0,,RINK01,,,,,,,,0,0,0,0,,,,TEST 49,,,
,,6052022,51,51,,,Graham Laight,Test,Test,Test,Test,HP9 2QA,,,BKIN,,1,200,1,400,0,0,0,0,,,,,,6052022,0,0,,PIPE01,test,0121 313 4000,,,,,,0,0,0,0,,,,TEST 50,,,
,,6052022,51,51,,,Barry White,Test,Test,Test,Test,S97 3FX,,,BKIT,,10,200,0,0,0,0,0,0,,,,,,6052022,0,0,,PHEEB1,test,0121 313 4000,,,,,,0,0,0,0,,,,TEST 51,,,
,,6052022,51,51,,,Kerry Woods,Test,Test,Test,Test,DA17 5AU,,,BKSL,14:00,0,0,0,0,0,0,0,0,, ,,,,6052022,10,50,,ZCUTTLE,test,0121 313 4000,,,,,,0,0,0,0,,,,TEST 52,,,
,,6052022,51,51,,,Kevin Holland,Test,Test,Test,Test,LL43 2AJ,,,DDAM,,1,200,2,500,0,0,0,0,,,9032022,,,6052022,0,0,,KES001,,,,,,,,0,0,0,0,,,,TEST 53,,,
,,6052022,51,51,,,Colby Covington,Test,Test,Test,Test,BS16 3TT,,,DDAT,,4,400,0,0,0,0,0,0,,,10032022,,,6052022,0,0,,AXD001,,,,,,,,0,0,0,0,,,,TEST 54,,,
,,6052022,51,51,,,Greg McRobert,Test,Test,Test,Test,SP2 0JH,,,DDAY,,0,0,5,700,0,0,0,0,,,9032022,,,6052022,0,0,,APL001,,,,,,,,0,0,0,0,,,,TEST 55,,,
,,6052022,51,51,,,Stevie Orbell,Test,Test,Test,Test,DA17 5DB,,,NDTL,,1,100,2,200,3,300,4,400,,,,,,6052022,0,0,,RINK01,,,,,,,,0,0,0,0,,,,TEST 56,,,
,,6052022,51,51,,,Jordan Bulpitt,Test,Test,Test,Test,B76 9EH,,,ND,,3,400,0,0,0,0,0,0,,,,,,6052022,0,0,,PIPE01,,,,,,,,0,0,0,0,,,,TEST 57,,,
,,6052022,51,51,,,Daniel Anderson,Test,Test,Test,Test,SA71 4TA,,,EC,,10,400,0,0,0,0,0,0,,,,,,6052022,0,0,,PHEEB1,,,,,,,,0,0,0,0,,,,TEST 58,,,
,,6052022,51,51,,,Graham Laight,Test,Test,Test,Test,BN3 8PP,,,AM,,0,0,1,700,0,0,0,0,,,,,,6052022,0,0,,ZCUTTLE,,,,,,,,0,0,0,0,,,,TEST 59,,,
,,6052022,51,51,,,Barry White,Test,Test,Test,Test,TF2 8BN,,,AMTL,,1,200,1,500,1,200,1,1000,,,,,,6052022,0,0,,KES001,,,,,,,,0,0,0,0,,,,TEST 60,,,
,,6052022,51,51,,,Kerry Woods,Test,Test,Test,Test,HP9 2QA,,,BKIN,,1,200,1,400,0,0,0,0,,,,,,6052022,0,0,,AXD001,test,0121 313 4000,,,,,,0,0,0,0,,,,TEST 61,,,
,,6052022,51,51,,,Kevin Holland,Test,Test,Test,Test,S97 3FX,,,BKIT,,10,200,0,0,0,0,0,0,,,,,,6052022,0,0,,APL001,test,0121 313 4000,,,,,,0,0,0,0,,,,TEST 62,,,
,,6052022,51,51,,,Colby Covington,Test,Test,Test,Test,DA17 5AU,,,BKSL,14:00,0,0,0,0,0,0,0,0,, ,,,,6052022,10,50,,RINK01,test,0121 313 4000,,,,,,0,0,0,0,,,,TEST 63,,,
,,6052022,51,51,,,Greg McRobert,Test,Test,Test,Test,LL43 2AJ,,,DDAM,,1,200,2,500,0,0,0,0,,,9032022,,,6052022,0,0,,PIPE01,,,,,,,,0,0,0,0,,,,TEST 64,,,
,,6052022,51,51,,,Stevie Orbell,Test,Test,Test,Test,BS16 3TT,,,DDAT,,4,400,0,0,0,0,0,0,,,10032022,,,6052022,0,0,,PHEEB1,,,,,,,,0,0,0,0,,,,TEST 65,,,
,,6052022,51,51,,,Jordan Bulpitt,Test,Test,Test,Test,SP2 0JH,,,DDAY,,0,0,5,700,0,0,0,0,,,9032022,,,6052022,0,0,,ZCUTTLE,,,,,,,,0,0,0,0,,,,TEST 66,,,
,,6052022,51,51,,,Daniel Anderson,Test,Test,Test,Test,DA17 5DB,,,NDTL,,1,100,2,200,3,300,4,400,,,,,,6052022,0,0,,KES001,,,,,,,,0,0,0,0,,,,TEST 67,,,
,,6052022,51,51,,,Graham Laight,Test,Test,Test,Test,B76 9EH,,,ND,,3,400,0,0,0,0,0,0,,,,,,6052022,0,0,,AXD001,,,,,,,,0,0,0,0,,,,TEST 68,,,
,,6052022,51,51,,,Barry White,Test,Test,Test,Test,SA71 4TA,,,EC,,10,400,0,0,0,0,0,0,,,,,,6052022,0,0,,APL001,,,,,,,,0,0,0,0,,,,TEST 69,,,
,,6052022,51,51,,,Kerry Woods,Test,Test,Test,Test,BN3 8PP,,,AM,,0,0,1,700,0,0,0,0,,,,,,6052022,0,0,,RINK01,,,,,,,,0,0,0,0,,,,TEST 70,,,
,,6052022,51,51,,,Kevin Holland,Test,Test,Test,Test,TF2 8BN,,,AMTL,,1,200,1,500,1,200,1,1000,,,,,,6052022,0,0,,PIPE01,,,,,,,,0,0,0,0,,,,TEST 71,,,
,,6052022,51,51,,,Colby Covington,Test,Test,Test,Test,HP9 2QA,,,BKIN,,1,200,1,400,0,0,0,0,,,,,,6052022,0,0,,PHEEB1,test,0121 313 4000,,,,,,0,0,0,0,,,,TEST 72,,,
,,6052022,51,51,,,Greg McRobert,Test,Test,Test,Test,S97 3FX,,,BKIT,,10,200,0,0,0,0,0,0,,,,,,6052022,0,0,,ZCUTTLE,test,0121 313 4000,,,,,,0,0,0,0,,,,TEST 73,,,
,,6052022,51,51,,,Stevie Orbell,Test,Test,Test,Test,DA17 5AU,,,BKSL,14:00,0,0,0,0,0,0,0,0,, ,,,,6052022,10,50,,KES001,test,0121 313 4000,,,,,,0,0,0,0,,,,TEST 74,,,
,,6052022,51,51,,,Jordan Bulpitt,Test,Test,Test,Test,LL43 2AJ,,,DDAM,,1,200,2,500,0,0,0,0,,,9032022,,,6052022,0,0,,AXD001,,,,,,,,0,0,0,0,,,,TEST 75,,,
,,6052022,51,51,,,Daniel Anderson,Test,Test,Test,Test,BS16 3TT,,,DDAT,,4,400,0,0,0,0,0,0,,,10032022,,,6052022,0,0,,APL001,,,,,,,,0,0,0,0,,,,TEST 76,,,
,,6052022,51,51,,,Graham Laight,Test,Test,Test,Test,SP2 0JH,,,DDAY,,0,0,5,700,0,0,0,0,,,9032022,,,6052022,0,0,,RINK01,,,,,,,,0,0,0,0,,,,TEST 77,,,
,,6052022,51,51,,,Barry White,Test,Test,Test,Test,DA17 5DB,,,NDTL,,1,100,2,200,3,300,4,400,,,,,,6052022,0,0,,PIPE01,,,,,,,,0,0,0,0,,,,TEST 78,,,
,,6052022,51,51,,,Kerry Woods,Test,Test,Test,Test,B76 9EH,,,ND,,3,400,0,0,0,0,0,0,,,,,,6052022,0,0,,PHEEB1,,,,,,,,0,0,0,0,,,,TEST 79,,,
,,6052022,51,51,,,Kevin Holland,Test,Test,Test,Test,SA71 4TA,,,EC,,10,400,0,0,0,0,0,0,,,,,,6052022,0,0,,ZCUTTLE,,,,,,,,0,0,0,0,,,,TEST 80,,,
,,6052022,51,51,,,Colby Covington,Test,Test,Test,Test,BN3 8PP,,,AM,,0,0,1,700,0,0,0,0,,,,,,6052022,0,0,,KES001,,,,,,,,0,0,0,0,,,,TEST 81,,,
,,6052022,51,51,,,Greg McRobert,Test,Test,Test,Test,TF2 8BN,,,AMTL,,1,200,1,500,1,200,1,1000,,,,,,6052022,0,0,,AXD001,,,,,,,,0,0,0,0,,,,TEST 82,,,
,,6052022,51,51,,,Stevie Orbell,Test,Test,Test,Test,HP9 2QA,,,BKIN,,1,200,1,400,0,0,0,0,,,,,,6052022,0,0,,APL001,test,0121 313 4000,,,,,,0,0,0,0,,,,TEST 83,,,
,,6052022,51,51,,,Jordan Bulpitt,Test,Test,Test,Test,S97 3FX,,,BKIT,,10,200,0,0,0,0,0,0,,,,,,6052022,0,0,,RINK01,test,0121 313 4000,,,,,,0,0,0,0,,,,TEST 84,,,
,,6052022,51,51,,,Daniel Anderson,Test,Test,Test,Test,DA17 5AU,,,BKSL,14:00,0,0,0,0,0,0,0,0,, ,,,,6052022,10,50,,PIPE01,test,0121 313 4000,,,,,,0,0,0,0,,,,TEST 85,,,
,,6052022,51,51,,,Graham Laight,Test,Test,Test,Test,LL43 2AJ,,,DDAM,,1,200,2,500,0,0,0,0,,,9032022,,,6052022,0,0,,PHEEB1,,,,,,,,0,0,0,0,,,,TEST 86,,,
,,6052022,51,51,,,Barry White,Test,Test,Test,Test,BS16 3TT,,,DDAT,,4,400,0,0,0,0,0,0,,,10032022,,,6052022,0,0,,ZCUTTLE,,,,,,,,0,0,0,0,,,,TEST 87,,,
,,6052022,51,51,,,Kerry Woods,Test,Test,Test,Test,SP2 0JH,,,DDAY,,0,0,5,700,0,0,0,0,,,9032022,,,6052022,0,0,,KES001,,,,,,,,0,0,0,0,,,,TEST 88,,,
,,6052022,51,51,,,Kevin Holland,Test,Test,Test,Test,DA17 5DB,,,NDTL,,1,100,2,200,3,300,4,400,,,,,,6052022,0,0,,AXD001,,,,,,,,0,0,0,0,,,,TEST 89,,,
,,6052022,51,51,,,Colby Covington,Test,Test,Test,Test,B76 9EH,,,ND,,3,400,0,0,0,0,0,0,,,,,,6052022,0,0,,APL001,,,,,,,,0,0,0,0,,,,TEST 90,,,
,,6052022,51,51,,,Greg McRobert,Test,Test,Test,Test,SA71 4TA,,,EC,,10,400,0,0,0,0,0,0,,,,,,6052022,0,0,,RINK01,,,,,,,,0,0,0,0,,,,TEST 91,,,
,,6052022,51,51,,,Stevie Orbell,Test,Test,Test,Test,BN3 8PP,,,AM,,0,0,1,700,0,0,0,0,,,,,,6052022,0,0,,PIPE01,,,,,,,,0,0,0,0,,,,TEST 92,,,
,,6052022,51,51,,,Jordan Bulpitt,Test,Test,Test,Test,TF2 8BN,,,AMTL,,1,200,1,500,1,200,1,1000,,,,,,6052022,0,0,,PHEEB1,,,,,,,,0,0,0,0,,,,TEST 93,,,
,,6052022,51,51,,,Daniel Anderson,Test,Test,Test,Test,HP9 2QA,,,BKIN,,1,200,1,400,0,0,0,0,,,,,,6052022,0,0,,ZCUTTLE,test,0121 313 4000,,,,,,0,0,0,0,,,,TEST 94,,,
,,6052022,51,51,,,Graham Laight,Test,Test,Test,Test,S97 3FX,,,BKIT,,10,200,0,0,0,0,0,0,,,,,,6052022,0,0,,KES001,test,0121 313 4000,,,,,,0,0,0,0,,,,TEST 95,,,
,,6052022,51,51,,,Barry White,Test,Test,Test,Test,DA17 5AU,,,BKSL,14:00,0,0,0,0,0,0,0,0,, ,,,,6052022,10,50,,AXD001,test,0121 313 4000,,,,,,0,0,0,0,,,,TEST 96,,,
,,6052022,51,51,,,Kerry Woods,Test,Test,Test,Test,LL43 2AJ,,,DDAM,,1,200,2,500,0,0,0,0,,,9032022,,,6052022,0,0,,APL001,,,,,,,,0,0,0,0,,,,TEST 97,,,
,,6052022,51,51,,,Kevin Holland,Test,Test,Test,Test,BS16 3TT,,,DDAT,,4,400,0,0,0,0,0,0,,,10032022,,,6052022,0,0,,RINK01,,,,,,,,0,0,0,0,,,,TEST 98,,,
,,6052022,51,51,,,Colby Covington,Test,Test,Test,Test,SP2 0JH,,,DDAY,,0,0,5,700,0,0,0,0,,,9032022,,,6052022,0,0,,PIPE01,,,,,,,,0,0,0,0,,,,TEST 99,,,
,,6052022,51,51,,,Robert Haigh,Test,Test,Test,Test,DA17 5DB,,,NDTL,,1,100,2,200,3,300,4,400,,,,,,6052022,0,0,,PHEEB1,,,,,,,,0,0,0,0,,,,TEST 100,,,
